name,url
Abuja Airplane House,https://i.imgur.com/CJFHc1N.png
Acropolis,https://i.imgur.com/PCuyS8c.png
Admont Abbey Library,https://upload.wikimedia.org/wikipedia/commons/f/f2/Austria_-_Admont_Abbey_Library_-_1335.jpg
Al-Masjid an-Nabawi,https://i.imgur.com/InK74dv.jpeg
Albuquerque Balloon Festival,https://i.imgur.com/pgoXCdy.jpeg
Aldabra Atoll,https://www.1843magazine.com/sites/default/files/styles/il_manual_crop_16_9/public/0312ILPL01-web.jpg
Ali Barbour's Cave Restaurant,https://media-cdn.tripadvisor.com/media/photo-s/15/a1/41/e5/dine-under-an-open-sky.jpg
Amalfi Coast,https://a.cdn-hotels.com/gdcs/production22/d554/0eef04a7-c6d5-4d50-bce9-c8fa27187158.jpg?impolicy=fcrop&w=800&h=533&q=medium
Angkor Wat,https://upload.wikimedia.org/wikipedia/commons/d/d4/20171126_Angkor_Wat_4712_DxO.jpg
Antelope Canyon,https://www.visitarizona.com/imager/s3_us-west-1_amazonaws_com/aot-2020/images/AntelopeCanyon_ResizedHeader_b2b0b89039603b931027eb2900b66531.jpg
Arc de Triomphe,https://upload.wikimedia.org/wikipedia/commons/7/79/Arc_de_Triomphe%2C_Paris_21_October_2010.jpg
Atacama Desert,https://i.natgeofe.com/n/4c363dfb-f2c7-4a89-9547-a06318a87fc5/valley-moon-atacama-desert-chile_4x3.jpg
Atitlan,https://i.imgur.com/tzGZaz6.jpeg
Avenue of the Baobabs,https://upload.wikimedia.org/wikipedia/commons/3/38/Adansonia_grandidieri_Pat_Hooper.jpg
Bali,https://i.imgur.com/JP35UnU.jpeg
Ban Gioc-Detian Falls,https://www.worldatlas.com/upload/50/98/3b/shutterstock-1585322011.jpg
Band-e-Amir National Park,https://upload.wikimedia.org/wikipedia/commons/a/aa/Afghanistan%27s_Grand_Canyon.jpg
Banff National Park,https://i.imgur.com/VmsHLab.jpeg
Basilique Notre-Dame d’Afrique,https://upload.wikimedia.org/wikipedia/commons/6/6f/Notre_Dame_d%27Afrique.jpg
Battle of the Oranges,https://i.imgur.com/OqYxVJD.jpeg
Bay to Breakers,https://i.imgur.com/oez5Si0.jpeg
Beethoven Museum,https://www.wienmuseum.at/items/uploads/images/1684242437_qWgAsMyOCzzW.jpg
City of Dougga,https://c8.alamy.com/comp/2P19HH1/ruins-of-dougga-or-thugga-or-tbgg-archaeological-site-of-berber-punic-and-roman-settlement-in-tunisia-unesco-world-heritage-site-2P19HH1.jpg
Berlin Wall,https://cdn.britannica.com/51/92851-050-1219D91B/People-East-wall-gathering-West-Berlin-Wall-November-10-1989.jpg
Big Sur,https://i.imgur.com/INHRc08.png
Black Forest,https://upload.wikimedia.org/wikipedia/commons/thumb/6/66/Blick_vom_Hohfelsen.jpg/240px-Blick_vom_Hohfelsen.jpg
Blue Cave,https://www.zentravelcroatia.com/wp-content/uploads/2020/04/inside-the-blue-cave-croatia.jpg
Blue Grotto,https://cdn.images.ondaplatform.com/portals_articles/445/cover/P1140750.jpg?crop=smart&mt=1674552863&width=600&height=335&density=2
Blue Lagoon,https://images.ctfassets.net/w65k7w0nsb8q/4egTHqIvc6A9cNgAILlcyK/ef94101278f85c96a659e6bd7899729e/Bluelagoon-meta.jpg
Blue Nile Falls,https://upload.wikimedia.org/wikipedia/commons/2/27/Blue_Nile_Falls-03%2C_by_CT_Snow.jpg
Bom Bom Island,https://dynamic-media-cdn.tripadvisor.com/media/photo-o/10/94/1c/de/bom-bom-principe-island.jpg?w=700&h=-1&s=1
Boma National Park,https://www.nationalparks.africa/wp-content/uploads/2019/11/Boma-National-Park1-scaled.jpg
Bora Bora,https://upload.wikimedia.org/wikipedia/commons/thumb/2/2a/Bora_Bora_ISS006.jpg/1200px-Bora_Bora_ISS006.jpg
Boryeong Mud Festival,https://i.imgur.com/DYLROsA.jpeg
Bran Castle (Dracula’s Castle),https://i.imgur.com/JKJXVyC.jpeg
Brandenburg Gate,https://upload.wikimedia.org/wikipedia/commons/thumb/8/80/Berlin_-_0266_-_16052015_-_Brandenburger_Tor.jpg/1200px-Berlin_-_0266_-_16052015_-_Brandenburger_Tor.jpg
Breakfast with Giraffes at Giraffe Manor,https://i.ytimg.com/vi/fuSAxLJguR8/maxresdefault.jpg
Buckingham Palace,https://cdn.londonandpartners.com/asset/buckingham-palace_image-courtesy-of-royal-collection-trust-his-majesty-king-charles-iii-2022-photo-andrew-holt_247a2afaed0312ad4e8fb6142fdcdd5a.jpg
Buda Castle,https://upload.wikimedia.org/wikipedia/commons/thumb/5/5c/Budav%C3%A1ri_Palota%2C_ABCDEF_%C3%A9p%C3%BClet.jpg/300px-Budav%C3%A1ri_Palota%2C_ABCDEF_%C3%A9p%C3%BClet.jpg
Buddha of Bamyan,https://news.artnet.com/app/news-upload/2015/06/bamiyan.jpg
Bungee jump off the Bloukrans Bridge,https://images.squarespace-cdn.com/content/v1/5d376c41088ee600019c0ef2/1583604005469-OWJUCERK7EHBZ8AZRDER/Bungee+1.JPG
Burj Khalifa,https://www.visitdubai.com/-/media/gathercontent/poi/b/burj-khalifa/fallback-image/poi-burj-khalifa-3-dtcm-jun-2023.jpg
Burning Man,https://i.imgur.com/czkxhfR.jpeg
Cabo de Gata-Níjar National Park,https://upload.wikimedia.org/wikipedia/commons/4/4f/Arrecife_de_las_Sirenas.jpg
Calgary Stampede,https://i.imgur.com/HDtzzGE.jpeg
Cangandala National Park,https://www.nationalparks.africa/wp-content/uploads/2019/05/Cangandala-National-Park-cover.jpg
Cappadocia,https://static.independent.co.uk/2023/08/31/12/iStock-1484200613.jpg
Caspian Sea,https://assets.weforum.org/editor/mPYkH9XO6_JwyuhX-zS6DkezvCPttj4w1iIhrSFJOKc.png
Catedral de Santiago de Compostela,https://caminoways.com/wp-content/uploads/media-images/e203c86e-cathedral-of-santiago-de-compostela-catedral-de-santiago-camino-de-santiago-caminoways.jpg
Charyn National Park,https://upload.wikimedia.org/wikipedia/commons/1/1c/Charyn_Canyon_-_3.jpg
Chernobyl,http://media.wired.com/photos/6083129fee32045691f62b5b/master/pass/Science_chernobyl_1232301220.jpg
Chichén Itzá,https://upload.wikimedia.org/wikipedia/commons/thumb/5/51/Chichen_Itza_3.jpg/640px-Chichen_Itza_3.jpg
Christ the Redeemer,https://upload.wikimedia.org/wikipedia/commons/4/4f/Christ_the_Redeemer_-_Cristo_Redentor.jpg
Cinque Terre,https://i.imgur.com/pO0fyKu.png
Cliff Villages of Bandiagara,https://www.heritagedaily.com/wp-content/uploads/2020/06/Bandiagara_escarpment_2-scaled.jpg
Climb the Sigiriya Rock,https://c8.alamy.com/comp/JBJCG7/sri-lankan-landscape-view-from-the-top-of-sigiriya-rock-temple-JBJCG7.jpg
Coachella,https://i.imgur.com/urykR8r.jpeg
Concurs de Castell,https://i.imgur.com/cv1r14B.jpeg
Dark Hedges,https://upload.wikimedia.org/wikipedia/commons/thumb/b/b2/Dark_Hedges_near_Armoy%2C_Co_Antrim_%28cropped%29.jpg/1200px-Dark_Hedges_near_Armoy%2C_Co_Antrim_%28cropped%29.jpg
Dead Sea,https://a.storyblok.com/f/53624/2048x1536/e72f846708/group-dead-sea_rt.jpg
Dilijan national park,https://upload.wikimedia.org/wikipedia/commons/2/22/%22Dilijan%22_national_park.jpg
Distortion,https://i.imgur.com/KS0BE0d.jpeg
Mukkawar Island,https://travelcravingsdotcom1.files.wordpress.com/2017/09/slide01.jpg
Dive with Great White Sharks,https://i.imgur.com/1AdGr4t.png
Sahara Desert,https://media.tacdn.com/media/attractions-splice-spp-674x446/0e/9d/2b/b2.jpg
Drink Champagne in Champange,https://media.shermanstravel.com/Advice/1920x1080_reimsfrance_istock.jpg
Drive down California Highway 1,https://cdn.aarp.net/content/dam/aarp/travel/road-trips/2022/04/1140-road-trip-california.jpg
Drive Million Dollar Highway,https://bearfoottheory.com/wp-content/uploads/2021/09/Million-Dollar-Highway.jpeg
Dubrovnik,https://lp-cms-production.imgix.net/2021-06/shutterstockRF_662032261.jpg
Dune 45,https://farm2.staticflickr.com/1781/29534929058_cb316d8e6b_o.jpg
Bird Nest,https://i.imgur.com/vRat9rE.jpeg
Easter Island,https://cdn.britannica.com/78/3178-050-C1841ECD/Sculptures-volcanic-rock-Easter-Island.jpg
Ekom Nkam Waterfalls,https://dynamic-media-cdn.tripadvisor.com/media/photo-o/09/9c/14/31/ekom-nkam-waterfalls.jpg?w=1200&h=-1&s=1
El Kurru Tombs,https://upload.wikimedia.org/wikipedia/commons/5/50/Al-Kurru%2Cmain_pyramid.jpg
Electric Daisy Carnival,https://i.imgur.com/NO2WCpA.jpeg
Electric Mountain Festival,https://i.imgur.com/hnjuNrI.jpeg
Empire State Building,https://flatironnomad.nyc/wp-content/uploads/2023/04/esb-header-history-scaled.jpg
Epupa Falls,https://www.joinupsafaris.com/images/activities/218/843.jpg
Exit Festival,https://i.imgur.com/h63VP8S.jpeg
Fasnacht,https://i.imgur.com/JpoXmEt.jpeg
Fazao Malfakassa National Park,https://upload.wikimedia.org/wikipedia/commons/e/e0/Vue_de_la_montagne_%C3%A0_Fazao.jpg
Fisherman’s Bastion,https://i0.wp.com/www.trafalgar.com/real-word/wp-content/uploads/sites/3/2017/05/Mathias-Church-CREDIT-www.istockphoto.com_gb_photo_budapest-mathias-church-at-day-gm504637390-83187521-1024x682.gif
Fjords,https://res.cloudinary.com/simpleview/image/upload/v1470836048/clients/norway/naeroyfjorden_fjord_norway_2_1_001b9127-14ad-4b3d-99b6-29d8b3aae412.jpg
Foam N Glow,https://i.imgur.com/wYOHAeo.jpeg
Freaky Deaky,https://i.imgur.com/5iHUO9N.jpeg
Full Moon Party Thailand,https://i.imgur.com/DsMCccC.jpeg
Fushimi Inari Shrine,https://upload.wikimedia.org/wikipedia/commons/0/0e/Torii_path_with_lantern_at_Fushimi_Inari_Taisha_Shrine%2C_Kyoto%2C_Japan.jpg
Gahinga Volcano,https://upload.wikimedia.org/wikipedia/commons/3/34/GahingaMuhabura.png
Galapagos Islands,https://www.travelandleisure.com/thmb/WzL019sDotA4SIo4bacRrE4j_N0=/1500x0/filters:no_upscale():max_bytes(150000):strip_icc()/galapagos-islands-ecuador-GALAPA1104-d013219debf14369ab5039a4eafb496e.jpg
Garasu Volcano,https://s.inyourpocket.com/gallery/277416.jpg
Gashaka Gumti National Park,https://upload.wikimedia.org/wikipedia/commons/2/28/Gashaka-Gumti_National_Park%2C_Taraba%2C_Nigeria.jpg
Gishora Drum Sanctuary,https://media-cdn.tripadvisor.com/media/attractions-splice-spp-720x480/0f/e6/f5/a7.jpg
Glastonbury,https://i.imgur.com/4p4geGk.jpeg
Bwindi Impenetrable Forest,https://mtsobek.imgix.net/2024/01/DWQbDHrp-Africa-Uganda-Going-on-a-Gorilla-Safari-Discovery-Tour-scaled.jpg?auto=compress%2Cformat&ixlib=php-3.3.1
Cruise Antarctica,https://www.ncl.com/sites/default/files/highlight-star.jpg
Hot Air Balloon Ride,https://i.imgur.com/MbqYOB3.jpeg
Pendjari National Park,https://africageographic.com/wp-content/uploads/2021/01/BREEDI1.jpg
Street Karting,https://5starregistration.com/wp-content/uploads/2022/10/street_legal_go_cart_registration_vehicle_register.jpg
Surf it up,https://i.imgur.com/WLZDIFV.png
Carnival of Venice,https://i.imgur.com/60eAYTJ.jpeg
Goat trees,https://www.esa.org/esa/wp-content/uploads/2017/05/170524-DELIBES-tree-climbing-seed-spitting-goats-fee1488-fig-0001.png
Grand Canyon,https://www.nps.gov/grca/planyourvisit/images/mather-point-2021.jpg?maxwidth=1300&maxheight=1300&autorotate=false
Graz,https://upload.wikimedia.org/wikipedia/commons/9/9e/Innere_Stadt%2C_8010_Graz%2C_Austria_-_panoramio_%2822%29.jpg
Great African Rift Valley,https://images.nationalgeographic.org/image/upload/t_edhub_resource_key_image/v1638890165/EducationHub/photos/lake-thingvallavatn.jpg
Great Barrier Reef,https://cdn.britannica.com/64/155864-050-34FBD7A2/view-Great-Barrier-Reef-Australia-coast.jpg
Great Mud Mosque of Djenne,https://upload.wikimedia.org/wikipedia/commons/7/75/Djenne_great_mud_mosque.jpg
Great Wall of China,https://cdn.britannica.com/82/94382-050-20CF23DB/Great-Wall-of-China-Beijing.jpg
Guggenheim,https://www.guggenheim.org/wp-content/uploads/2016/04/architecture-srgm-exterior-flavin-16-9-ratio-web.jpg
Gullfoss,https://images.squarespace-cdn.com/content/v1/5438e2c6e4b0b18459a8ca06/1532969914296-ILK3J5US4X5ZD7UQ67VR/GTJ-2018-0731-26.jpg
Ha Long Bay,https://a.cdn-hotels.com/gdcs/production77/d1902/21336448-81d8-4643-a1b9-1545d08172de.jpg?impolicy=fcrop&w=800&h=533&q=medium
Haiku Stairs (Stairway to Heaven),https://1lifeonearth.com/wp-content/uploads/2016/01/2500-7-P1200653.jpg
Hanoi Old Quarter,https://image.vietnam.travel/sites/default/files/styles/top_banner/public/2019-11/visit%20old%20quarter%20Hanoi.jpg?itok=PF3PsdVd
Hida-Takayama,https://i.imgur.com/lFtsGAd.jpeg
Patagonia,https://lp-cms-production.imgix.net/2021-11/shutterstockRF_552773971.jpg
Mauna Kea,https://i.imgur.com/UTS0Aou.jpeg
Appalachian Trail,https://appalachiantrail.org/wp-content/uploads/2020/01/ATC_RP14251_DSC_5582-lpr.jpg
Pacaya Volcano,https://optimise2.assets-servd.host/unequaled-camel/production/content/Pacaya-Lava-Field.jpg?w=1800&auto=compress%2Cformat&fit=crop&dm=1631570236&s=17cbeb53f036f423046302f0570d08df
Piaynemo in Raja Ampat,https://www.papuaparadise.com/wp-content/uploads/2019/10/Fam-long-1200x800.jpg
Holi,https://i.imgur.com/hkKq4n2.jpeg
Hotel Sidi Driss,https://dynamic-media-cdn.tripadvisor.com/media/photo-o/1a/d4/93/2d/photo0jpg.jpg?w=700&h=-1&s=1
Hungarian Parliment,https://upload.wikimedia.org/wikipedia/commons/3/37/Parliament_of_Hungary_November_2017.jpg
Iguazu Falls,https://upload.wikimedia.org/wikipedia/commons/thumb/b/b6/Cataratas.jpg/1200px-Cataratas.jpg
Ile-Alatau National Park,https://dynamic-media-cdn.tripadvisor.com/media/photo-o/14/02/c8/22/getlstd-property-photo.jpg?w=1200&h=-1&s=1
Innsbruck,https://www.travelandleisure.com/thmb/XUS3X6XU-gB0yyLqwEyoXqhj8N8=/1500x0/filters:no_upscale():max_bytes(150000):strip_icc()/TAL-innsbruck-austria-sunrise-mountains-INNSBRUCKASTRA0823-cbd3995a7e6d4111abc340854bbadbd0.jpg
Iona National Park,https://upload.wikimedia.org/wikipedia/commons/1/11/Imbondeiro_Tree.jpg
Issyk Lake,https://img.atlasobscura.com/uT-9xkPHBvq6v1EmiXbOywd_fwexGYwK1QcVqGFDi4A/rt:fit/w:600/q:81/sm:1/scp:1/ar:1/aHR0cHM6Ly9hdGxh/cy1kZXYuczMuYW1h/em9uYXdzLmNvbS91/cGxvYWRzL3BsYWNl/X2ltYWdlcy80ZTU4/YWFjYjk1MjBiYTZk/YzdfQ0lNRzY0MTgu/SlBH.jpg
Jerónimos Monastery,https://upload.wikimedia.org/wikipedia/commons/thumb/d/d6/The_Jer%C3%B3nimos_Monastery_or_Hieronymites_Monastery.png/1200px-The_Jer%C3%B3nimos_Monastery_or_Hieronymites_Monastery.png
Kaieteur Falls,https://www.travelandleisure.com/thmb/o1Zn3Wgoj0jHudbKErQ9pb1jHjM=/1500x0/filters:no_upscale():max_bytes(150000):strip_icc()/kaieteur-falls-amazon-WTRFLLBIG0318-5617b654d7524263afaf09f9fb23e32a.jpg
Kalandula Falls,https://upload.wikimedia.org/wikipedia/commons/9/95/Kalandula_waterfalls_of_the_Lucala-River_in_Malange%2C_Angola.JPG
Kayak with Beluga Whales,https://www.travelmanitoba.com/imager/s3_us-west-1_amazonaws_com/manitoba-2020/images/06-site-images/hero-images/Kayaking-with-Beluga-Whales_5a02da0fbc799ade054813c4a8915839.jpg
Khama Rhino Sanctuary,https://upload.wikimedia.org/wikipedia/commons/d/d1/Rinocerontes_blancos_%28Ceratotherium_simum%29%2C_Santuario_de_Rinocerontes_Khama%2C_Botsuana%2C_2018-08-02%2C_DD_04.jpg
Kibira National Park,https://wildsafariguide.com/wp-content/uploads/2020/08/kibira-2-1.jpg
Kigali Genocide Memorial,https://i.imgur.com/KWL6cDx.jpeg
Kinyeti,https://upload.wikimedia.org/wikipedia/commons/1/17/Sudan_Kinyeti.jpg
Kissama National Park,https://nationalparks-15bc7.kxcdn.com/images/parks/kissama/Kissama%20National%20Park%20large%20baobab%20tree.jpg
Komodo Island,https://www.seal-superyachts.com/wp-content/uploads/2017/05/indonesia-1.jpg
Koninginnedag,https://i.imgur.com/gdOA0k9.jpeg
Kremlin,https://cdn.britannica.com/51/115451-050-3043FB8D/brick-walls-churches-government-Kremlin-buildings-palaces.jpg
Kumbali Cultural Village,https://dynamic-media-cdn.tripadvisor.com/media/photo-o/04/10/a9/63/getlstd-property-photo.jpg?w=600&h=-1&s=1
Kyoto,https://www.japan-guide.com/thumb/XYZeXYZe2158_1680b.jpg
La Batali de Vino,https://i.imgur.com/gRIbmZq.jpeg
La Grand Place,https://upload.wikimedia.org/wikipedia/commons/thumb/2/26/Grand-Place%2C_Brussels_-_panorama%2C_June_2018.jpg/800px-Grand-Place%2C_Brussels_-_panorama%2C_June_2018.jpg
La Tomatina,https://i.imgur.com/BaXLj38.jpeg
La Vallée de Ferney,https://upload.wikimedia.org/wikipedia/commons/a/ab/Vall%C3%A9e_de_Ferney_03_by_Line1.JPG
Lake Bled,https://hips.hearstapps.com/hmg-prod/images/lake-bled-in-slovenia-royalty-free-image-1644922973.jpg
Lake Como,https://imageio.forbes.com/specials-images/imageserve/646b6b45d9b20ac15900fd8a/Oleander-flowers-and-villa-Monastero-in-background--lake-Como--Varenna/960x0.jpg?format=jpg&width=960
Lake Kaindy,https://discovery.sndimg.com/content/dam/images/discovery/editorial/podcasts/Curiosity/2020/3/Kaindy_Lake_Shutterstock.jpg.rend.hgtvcom.406.406.suffix/1583694353397.jpeg
Lake Natron,https://img.atlasobscura.com/QaRal3q_iwolM-nXWp-5PHuiwYG5KGjUhvcXeY7S920/rt:fit/w:600/q:81/sm:1/scp:1/ar:1/aHR0cHM6Ly9hdGxh/cy1kZXYuczMuYW1h/em9uYXdzLmNvbS91/cGxvYWRzL3BsYWNl/X2ltYWdlcy8xMTgy/N2E5NjA0MzFjMzg3/ZWVfR2V0dHlJbWFn/ZXMtNzM3OTUyODAu/anBn.jpg
Lake Retba (pink lake),https://www.diariesofmagazine.com/wp-content/uploads/2022/05/web-5D__1397.jpg
Lake Sevan,https://cdn.britannica.com/32/122132-050-2B61B49D/Sevanavank-Monastery-Lake-Sevan-Armenia.jpg
Lantern Festival,https://i.imgur.com/uJqmg0G.jpeg
Le Morne Cultural Landscape,https://th-thumbnailer.cdn-si-edu.com/VD2P2UsUfIvsrKOV_3f2bWkv408=/fit-in/1072x0/https://tf-cmsv2-photocontest-smithsonianmag-prod-approved.s3.amazonaws.com/684507d5-fd56-4fba-a644-67f6ec09ee8f.jpg
Leaning Tower of Pisa,https://images.ctfassets.net/cnu0m8re1exe/1tI0J6fFR4TQAU7YApSjcE/3aedcf058c5f2cd9212b86731541ac3d/shutterstock_745306897.jpg
Learn salsa,https://i.ytimg.com/vi/wXSgWktFRWQ/maxresdefault.jpg
Learn Spanish,https://i.imgur.com/qPMu1l7.jpeg
Learn tango,https://j.gifs.com/vnXd4e.gif
Legoland,https://www.legoland.com/california/media/k3unuehb/family-approaching-legoland-hotel-3x2-0-4mb.jpg
Lençóis Maranhenses National Park,https://i.imgur.com/gl2U2ED.jpeg
Loch Ness,https://upload.wikimedia.org/wikipedia/commons/thumb/5/51/LochNessUrquhart.jpg/800px-LochNessUrquhart.jpg
Lofoten Islands,http://res.cloudinary.com/simpleview/image/upload/v1454415126/clients/norway/Hamnoy_Lofoten_Norway_2_1_c0cf6de8-5b60-4571-b481-9729fab41d96.jpg
Lokaro Beach,https://www.unendroitoualler.fr/wp-content/uploads/2020/10/IMGP9707.jpg
M’Zab Valley,https://whc.unesco.org/uploads/thumbs/site_0188_0001-750-750-20180730112538.jpg
Machu Picchu,https://upload.wikimedia.org/wikipedia/commons/thumb/e/eb/Machu_Picchu%2C_Peru.jpg/1200px-Machu_Picchu%2C_Peru.jpg
Maletsunyane Falls,https://cdn.britannica.com/83/99183-050-DBA0497B/Maletsunyane-Falls-Lesotho.jpg
Mana Pools National Park,https://www.tripsavvy.com/thmb/jSez-jURT2GD0g54cUtC11wauAc=/2309x1299/filters:no_upscale():max_bytes(150000):strip_icc()/GettyImages-600395358-557d23f267ab410f9ac4c6bccad8472a.jpg
Manovo-Gounda St Floris National Park,https://www.worldatlas.com/r/w1200/upload/c8/c9/74/blackrhino-usfws.jpg
Manta Resort,https://assets-global.website-files.com/607e99bffc9a6042b332722c/65b3a477a6b7fdabfb6fddca_Manta_Underwater_room.webp
Mardi Gras,https://i.imgur.com/qz3mlfv.jpeg
Sacred Crocodile Pond,https://discover-burkinafaso.com/wp-content/uploads/2020/07/Marre-aux-crocodiles-sacr%C3%A9s_.jpg
Matobo National Park,https://media.audleytravel.com/-/media/images/home/africa/zimbabwe/letterbox-images/istock-new/istock_000031070554_largezimbabwemotobobalancingrocks_800x2400.jpg?q=79&w=1920&h=640
Matterhorn,https://th-thumbnailer.cdn-si-edu.com/wknz0PXJaYqtC52bmJi0BX4PWME=/1000x750/filters:no_upscale():focal(898x449:899x450)/https://tf-cmsv2-smithsonianmag-media.s3.amazonaws.com/filer/9e/fa/9efad142-22d0-481f-9738-49e516b732b1/42-81494958.jpg
Mauna Loa,https://i.imgur.com/1B5sQij.jpeg
Mont Saint-Michel,https://en.normandie-tourisme.fr/wp-content/uploads/sites/3/2020/01/8118-Mont-Saint-Michel-couleur-dautomne-%C2%A9-DaLiu-Shutterstock.com-%C2%A9-DaLiu-Shutterstock.com_.jpg
Montreal Jazz Festival,https://i.imgur.com/XvLp6nN.jpeg
Mount Agung,https://i.imgur.com/4Jw0z8d.jpeg
Mount Fuji,https://upload.wikimedia.org/wikipedia/commons/6/63/Views_of_Mount_Fuji_from_%C5%8Cwakudani_20211202.jpg
Mount Kilimanjaro,https://cdn.britannica.com/34/153434-050-863E8023/Mount-Kilimanjaro-Tanzania.jpg
Mount Mulanje,https://dynamic-media-cdn.tripadvisor.com/media/photo-o/18/44/36/11/mount-mulanje.jpg?w=1200&h=1200&s=1
Mount Rushmore,https://images.unsplash.com/photo-1551202543-28069863dfa5?crop=entropy&cs=tinysrgb&fit=max&fm=jpg&ixid=M3w2MzkyMXwwfDF8c2VhcmNofDF8fG1vdW50JTIwcnVzaG1vcmV8ZW58MHx8fHwxNzEzMjMwODc5fDA&ixlib=rb-4.0.3&q=80&w=200
Mukuni Village tour,https://media.tacdn.com/media/attractions-splice-spp-674x446/07/0b/21/b4.jpg
Murchison Falls National Park,https://dynamic-media-cdn.tripadvisor.com/media/photo-o/0b/ab/2a/07/murchison-falls-view.jpg?w=1200&h=-1&s=1
Namib-Naukluft National Park,https://upload.wikimedia.org/wikipedia/commons/8/89/Namib-Naukluft_Sand_Dunes_%282011%29.jpg
Napa Valley Wine Train,https://www.winetrain.com/content/uploads/2023/09/WT-home-fallback.jpg
Neuschwanstein Castle,https://www.travelandleisure.com/thmb/umcoSMJygYyG5OIYDdBPgnrJGLc=/1500x0/filters:no_upscale():max_bytes(150000):strip_icc()/01-neuschwanstein-castle-bavaria-NEUSCHWANSTEIN0417-273a040698f24fc1ac22e717bb3f1f0c.jpg
New York Cafe,https://newyorkcafe.hu/wp-content/uploads/2022/09/SZN_0493-Large-1.jpg
Niagara Falls,https://www.niagarafallslive.com/wp-content/uploads/opt-falls-background-1920x1080-250k.jpg
Notre Dame,https://upload.wikimedia.org/wikipedia/commons/thumb/f/f7/Notre-Dame_de_Paris%2C_4_October_2017.jpg/800px-Notre-Dame_de_Paris%2C_4_October_2017.jpg
Nyungwe Forest National Park,https://visitrwanda.com/wp-content/uploads/fly-images/3619/canopy-1650x1014.jpg
Oeschinensee Hike,https://i.imgur.com/9EokqER.jpeg
Oktoberfest,https://i.imgur.com/Ncwfi3j.jpeg
Palouse Falls,https://www.nps.gov/common/uploads/cropped_image/primary/D9ADD2C0-AD37-D7BB-AEB8B49FB6F656A7.jpg?width=1600&quality=90&mode=crop
Pamukkale Hot Springs,https://dynamic-media-cdn.tripadvisor.com/media/photo-o/11/16/4c/17/merveilleux.jpg?w=1200&h=-1&s=1
Paro Taktsang (Tiger’s Nest),https://www.earthtrekkers.com/wp-content/uploads/2017/02/Tigers-Nest-Bhutan.jpg.optimal.jpg
Pico Cao Grande,https://upload.wikimedia.org/wikipedia/commons/thumb/c/cb/Pico_C%C3%A3o_Grande.jpg/1200px-Pico_C%C3%A3o_Grande.jpg
Pics de Sindou,https://upload.wikimedia.org/wikipedia/commons/thumb/b/b3/Aerial_view_Pics_de_Sindou%2C_Burkina_Faso.jpg/1024px-Aerial_view_Pics_de_Sindou%2C_Burkina_Faso.jpg
Plitvice National Park,http://minoritynomad.com/wp-content/uploads/2014/06/Tourist-at-Pltivice-Lakes-National-Park-Croatia.jpg
Pompeii,https://cdn.britannica.com/91/189391-050-EFC45253/Mount-Vesuvius-ruins-Pompeii.jpg
Prague,https://i.imgur.com/En0G1P5.jpeg
Pyramids of Giza,https://i.natgeofe.com/n/535f3cba-f8bb-4df2-b0c5-aaca16e9ff31/giza-plateau-pyramids.jpg
Red Square,https://upload.wikimedia.org/wikipedia/commons/thumb/1/13/Red_square_Moscow_cityscape_%288309148721%29.jpg/1200px-Red_square_Moscow_cityscape_%288309148721%29.jpg
Richat Structure,https://eoimages.gsfc.nasa.gov/images/imagerecords/92000/92071/ISS030-E-12516_lrg.jpg
Richtersveld Transfrontier Park,https://upload.wikimedia.org/wikipedia/commons/0/09/Fish_River_Canyon_Namibia.jpg
Ride the Trans-Siberian Railway,https://karaandnate.com/wp-content/uploads/2017/10/transiberian-train.jpg
Rio Carnival,https://i.imgur.com/am0XuEs.jpeg
Rock in Rio,https://i.imgur.com/totGl2H.jpeg
Roskilde,https://i.imgur.com/FY7p2YS.jpeg
Rothenburg ob der tauber,https://upload.wikimedia.org/wikipedia/commons/7/71/Rothenburg_BW_4.JPG
Royal Palaces of Abomey,https://upload.wikimedia.org/wikipedia/commons/d/d3/Abomey_2006_1.jpg
Ruvubu National Park,https://www.congosafaristours.com/wp-content/uploads/2020/09/ruvubu-national-park-1.jpg
Sagrada Familia,https://cdn.britannica.com/15/194815-050-08B5E7D1/Nativity-facade-Sagrada-Familia-cathedral-Barcelona-Spain.jpg
Salzburg,https://www.salzburg.info/panorama-stadtansicht/image-thumb__38900__headerimage/panorama-fruehling-03.jpg
Santorini,https://i.imgur.com/wqaWBSc.jpeg
Japanese Cherry Blossoms,https://www.gotokyo.org/en/story/guide/hanami-guide/images/xsg009_1376_202.jpg.pagespeed.ic.gK_RKSB0Y7.jpg
Boulders Beach,https://upload.wikimedia.org/wikipedia/commons/9/95/Boulders_Beach_Suedafrika.jpg
Sapo National Park,https://www.edgeofexistence.org/wp-content/uploads/2017/07/H_liberiensis_DSC_0066.jpg
The Lavendar Fields,https://i.imgur.com/jHThXRE.png
Northern Lights,https://i.imgur.com/spAl6QN.jpeg
Polar Bears,https://www.quarkexpeditions.com/sites/default/files/blog-images/polar_bear_sea_ice_svalbard_acaciajohnson_4_1.jpg
Skeleton Coast,https://www.travelbutlers.com/images/largeheaders1400/regions/The-Skeleton-Coast.jpg
Ponta Mamoli,https://www.mozambique.co.za/images/white-pearl-resorts-ponta-mamoli-turtle-590x390.jpg
Okavango Delta,https://natureconservancy-h.assetsadobe.com/is/image/content/dam/tnc/nature/en/photos/d/other/D_INFOCUS_2-31.jpg?crop=0%2C0%2C4000%2C2200&wid=4000&hei=2200&scl=1.0
Seven Coloured Earths,https://upload.wikimedia.org/wikipedia/commons/2/2d/Seven_coloured_earths_mauritius.jpg
Shanghai Old City in Mogadishu,https://media.cnn.com/api/v1/images/stellar/prod/130529100909-mogadishu-boats-sea-mpa.jpg
Shoshone Falls,https://visitsouthidaho.com/wp-content/uploads/2023/07/southern-idaho-shoshone-falls-homepage.jpg
Sigmund Freud Museum,https://upload.wikimedia.org/wikipedia/commons/2/24/Wien_-_Sigmund_Freud_Museum_%28b%29.JPG
Sine-Saloum Delta,https://upload.wikimedia.org/wikipedia/commons/d/d6/Saloum.gif
Sistine Chapel,https://cdn.britannica.com/77/2577-004-DA7549AE/The-Creation-of-Adam-ceiling-fresco-Michelangelo.jpg
Sleep in an Ice Hotel,https://www.icehotel.com/sites/cb_icehotel/files/styles/image_column_large/public/Ice-room-Icehotel.jpg?h=d40308df&itok=3a2kpNMw
Solo skydiving,https://i.imgur.com/Axc2VuH.jpeg
Songkran,https://i.imgur.com/JpoXmEt.jpeg
South Luangwa National Park,https://upload.wikimedia.org/wikipedia/commons/a/ac/Luangwa_River_crossing.jpg
St. Patricks Day in Dublin,https://i.imgur.com/GSeUiVU.jpeg
St. Peter’s Basilica,https://upload.wikimedia.org/wikipedia/commons/thumb/f/f5/Basilica_di_San_Pietro_in_Vaticano_September_2015-1a.jpg/640px-Basilica_di_San_Pietro_in_Vaticano_September_2015-1a.jpg
Statue of Liberty,https://images.fineartamerica.com/images/artworkimages/mediumlarge/2/statue-of-liberty-landscape-charlie-orellana.jpg
Stonehenge,https://upload.wikimedia.org/wikipedia/commons/3/3c/Stonehenge2007_07_30.jpg
Swim in Jellyfish Lake,https://www.travelandleisure.com/thmb/sHEWn9GXbOTcMZcKMFfWRf9jLx0=/1500x0/filters:no_upscale():max_bytes(150000):strip_icc()/jellyfish-lake-reopening-JELLY119-6e2116ca23764b9aa0e56096db7973b4.jpg
Swim with pigs,https://globetrottergirls.com/wp-content/uploads/2022/01/swimming-with-pigs-big-mayor-cay2-scaled.jpg
Swim with Whale Sharks,https://cdn-dkcbl.nitrocdn.com/mKQoaiSOIgifONYHXVcgrSCrszoHMDks/assets/images/optimized/rev-205fa4a/friendofthesea.org/wp-content/uploads/whale-shark-snorkelling-fos-sustainable-certification-medium-1.jpg
Sydney NYE,https://i.imgur.com/58iL8kS.jpeg
Sydney Opera House,https://cdn.britannica.com/96/100196-050-C92064E0/Sydney-Opera-House-Port-Jackson.jpg
Széchenyi Thermal Bath,https://szechenyibath.com/wp-content/uploads/2013/06/Szechenyi-Spa-Baths-Press-Photo-Outdoor-Pool.jpg
Tacugama Chimpanzee Sanctuary,https://www.kanaga-at.com/wp-content/uploads/2021/07/sierra_leone_scimpanze_al_tacugama.jpg
Tahiti,https://i.imgur.com/4ld1OYU.png
Taj Mahal,https://cdn.britannica.com/86/170586-050-AB7FEFAE/Taj-Mahal-Agra-India.jpg
Take a ride on a bullet train,https://davidsbeenhere.com/wp-content/uploads/2019/03/how-to-ride-the-bullet-train-in-japan-asia-davidsbeenhere.jpg
The Jacobite Steam Train,https://www.scottishtours.co.uk/wwwroot/images/blog/3-Jacobite-Steam-Train.jpg
Orient Express,https://assets-global.website-files.com/5d9dea3aad4a3a80cbd04251/6092afc5c9941f08e6cdea1b_ride-the-orient-express.jpg
Tasmania,https://i.natgeofe.com/n/9fbb54f1-286c-4859-942d-3da65973a18a/001_mt8385_190814_08427_3x2.jpg
Terjit Oasis,https://dynamic-media-cdn.tripadvisor.com/media/photo-o/16/9a/d8/23/photo6jpg.jpg?w=1200&h=-1&s=1
The Grand Palace,https://i.imgur.com/zbjhigM.png
The DMZ,https://ichef.bbci.co.uk/news/976/cpsprodpb/12BD9/production/_130416767_dmzlookingatsouth.jpg
The Forbidden City,https://smarthistory.org/wp-content/uploads/2022/01/forbiddencity-googleearth.png
Djenne Mud Mosque,https://upload.wikimedia.org/wikipedia/commons/7/75/Djenne_great_mud_mosque.jpg
The Albanian Riviera,https://chasingthedonkey.b-cdn.net/wp-content/uploads/2019/01/Saranda_Albania_Beach_Depositphotos_112431668_l-2015.jpg
The Algarve,https://a.cdn-hotels.com/gdcs/production40/d520/9413d6ac-768a-4246-ae9a-1e3a9247f41d.jpg
The Alhambra,https://upload.wikimedia.org/wikipedia/commons/d/de/Dawn_Charles_V_Palace_Alhambra_Granada_Andalusia_Spain.jpg
The Alps,https://i.natgeofe.com/n/28fd84d5-ebb6-45c8-a758-17d0089a0464/TT_report_ST0058057copy-Enhanced_HR_4x3.jpg
The Blue Eye,https://media.tacdn.com/media/attractions-splice-spp-674x446/07/8c/2a/5c.jpg
The Blue Mosque of Istanbul,https://upload.wikimedia.org/wikipedia/commons/0/03/Istanbul_%2834223582516%29_%28cropped%29.jpg
The Colosseum,https://cdn.britannica.com/36/162636-050-932C5D49/Colosseum-Rome-Italy.jpg
The Golden Temple,https://upload.wikimedia.org/wikipedia/commons/thumb/9/94/The_Golden_Temple_of_Amrithsar_7.jpg/800px-The_Golden_Temple_of_Amrithsar_7.jpg
The Louvre,https://api-www.louvre.fr/sites/default/files/2021-01/cour-napoleon-et-pyramide_1.jpg
The Malt Whiskey Trail,https://i.imgur.com/Glei4MO.png
The White House,https://i.imgur.com/tVwbAff.png
Timbuktu,https://whc.unesco.org/uploads/thumbs/site_0119_0008-750-750-20220630153038.jpg
Tomorrowland,https://i.imgur.com/1dDPaEi.jpeg
Tomorrowland Winter,https://i.imgur.com/hBbmWe3.jpeg
Meteora monasteries,https://meteora.com/wp-content/uploads/2022/07/view-all-meteora-monasteries-meteora-thrones.jpg
Ring Road,https://cdn.tourradar.com/s3/tour/1500x800/215626_6058bac5a2210.jpg
Tour the Star Wars sets,https://www.silverscreen.tours/wp-content/uploads/2019/09/star-wars-nefta-mos-espa-03-1200x675.jpg
Trek through the Himalayas,https://www.muchbetteradventures.com/magazine/content/images/2021/09/GettyImages-1193774981--1-.jpg
Trevi Fountain,https://www.travelandleisure.com/thmb/CKxA_iBAtx1zYw_7EevV4cuxgH0=/1500x0/filters:no_upscale():max_bytes(150000):strip_icc()/trevi-fountain-rome-italy-TREVI0217-4b6f7385c7f0436ba3d5fa2c061a1791.jpg
Beligum Waffle,https://www.tasteandtellblog.com/wp-content/uploads/2021/05/Liege-Waffles-1.jpg
Epic Cake,https://www.tasteatlas.com/Images/Dishes/507936ee7d0147e48694598dda086632.jpg
Cheese Fondue for Real,https://i0.wp.com/tasteofsavoie.com/wp-content/uploads/2013/01/IMG_3524-scaled.jpeg?resize=800%2C445&ssl=1
Tokaji wine,https://keyassets.timeincuk.net/inspirewp/live/wp-content/uploads/sites/34/2014/12/tokaj-travel-guide.png
Wiener Schnitzel,https://www.carolinescooking.com/wp-content/uploads/2016/06/Wiener-schnitzel-photo-1.jpg
Tsehlanyane National Park,https://media-cdn.tripadvisor.com/media/photo-s/01/6e/ec/a1/view-of-the-deck.jpg
Tsingy De Bemaraha National Park,https://c8.alamy.com/comp/BY7H71/view-across-the-grand-tsingy-landscape-in-the-tsingy-de-bemaraha-national-BY7H71.jpg
Tsodilo Hills,https://www.botswana-experience.com/wp-content/uploads/2021/09/tsodilo-hills-botswana.jpg
Tundavala Fissure,https://thealexeaffair.files.wordpress.com/2015/07/fenda-da-tundavala.jpg
Turgen Gorge,https://www.remotelands.com/remotenew1/dist/images/country/kazakhstan/city/14081103/b140811015.jpg
Ultra Music Festival,https://i.imgur.com/pNBeKA8.jpeg
Uluru,https://upload.wikimedia.org/wikipedia/commons/a/a8/ULURU.jpg
Upper Azat Valley,https://www.rjtravelagency.com/wp-content/uploads/2023/05/Monastery-of-Geghard-and-the-Upper-Azat-Valley.jpg
Uyuni Salt Flat,https://cdn.britannica.com/00/196200-050-A18811BA/Uyuni-Salt-Flat-Bolivia.jpg
Snowbombing,https://i.imgur.com/6eEAwlt.jpeg
Victoria Falls,https://i.natgeofe.com/n/177faece-da85-4458-ad91-3b83a89af602/92754_4x3.jpg
Vinicunca (Rainbow Mountain),https://www.travelandleisure.com/thmb/1X74EtxSJN1eoXjxDjhfT1DQ17U=/1500x0/filters:no_upscale():max_bytes(150000):strip_icc()/Vinicunca-Mountain-Andes-PERURNBW0518-7b165003cd9d44c88ff3035b537da06e.jpg
Masai Village,https://www.masaimara.travel/images/maasai-women-photo.jpg
Batwa Pygmies,https://www.greatadventuresafaris.com/wp-content/uploads/Batwa-Pygmies-1200x675.jpg
Batammariba,https://i.imgur.com/0UD5zdl.jpeg
Floating Village of Joal-Fadiouth,https://www.shutterstock.com/image-photo/joalfadiouth-senegal-05112023-fish-market-260nw-2310537057.jpg
Visit the tulip farms,http://clv.h-cdn.co/assets/17/05/1600x800/landscape-1485976795-tulip-farms-to-visit.jpg
Vredefort crater,https://i.imgur.com/JOdrICQ.jpeg
Wadi Rum Desert,https://upload.wikimedia.org/wikipedia/commons/5/56/Mountain_in_Wadi_Rum%2C_Jordan.jpg
Walk around the Roman city of Timgad,https://timetravelbee.com/wp-content/uploads/2018/11/timgad-1-1.jpg
Blue Streets of Chefchaouen,https://i.imgur.com/duNf1hq.png
Walk El Camino de Santiago,https://i.imgur.com/Pq9zdTy.jpeg
Monaco Grand Prix,https://cdn-6.motorsport.com/images/amp/Y99QWA7Y/s1000/george-russell-mercedes-f1-w14.jpg
Great Wildebeest Migration,https://i.imgur.com/LvADFwA.jpeg
Yanardag,https://upload.wikimedia.org/wikipedia/commons/e/e9/Yanar_Dagh.JPG
Yankari National Park,https://cdn.britannica.com/36/144136-050-08E82875/African-elephants-Yankari-National-Park-Nigeria.jpg
Yellowstone National Park,https://i.imgur.com/inXc32k.jpeg
Yosemite National Park,https://upload.wikimedia.org/wikipedia/commons/1/13/Tunnel_View%2C_Yosemite_Valley%2C_Yosemite_NP_-_Diliff.jpg
Zion,https://i.imgur.com/R0bF0f6.jpeg